<?xml version='1.0' encoding='UTF-8'?>
<?artifactRepository version='1.1.0'?>
<repository name='Bundle pool' type='org.eclipse.equinox.p2.artifact.repository.simpleRepository' version='1'>
  <properties size='2'>
    <property name='p2.system' value='true'/>
    <property name='p2.timestamp' value='1395282538377'/>
  </properties>
  <mappings size='3'>
    <rule filter='(&amp; (classifier=osgi.bundle))' output='${repoUrl}/plugins/${id}_${version}.jar'/>
    <rule filter='(&amp; (classifier=binary))' output='${repoUrl}/binary/${id}_${version}'/>
    <rule filter='(&amp; (classifier=org.eclipse.update.feature))' output='${repoUrl}/features/${id}_${version}.jar'/>
  </mappings>
  <artifacts size='276'>
    <artifact classifier='osgi.bundle' id='org.eclipse.core.runtime' version='3.9.100.v20131218-1515'>
      <properties size='1'>
        <property name='download.size' value='73658'/>
      </properties>
    </artifact>
    <artifact classifier='osgi.bundle' id='org.eclipse.xtext.builder' version='2.5.3.v201402240820'>
      <properties size='1'>
        <property name='download.size' value='314354'/>
      </properties>
    </artifact>
    <artifact classifier='osgi.bundle' id='org.eclipse.equinox.p2.touchpoint.eclipse' version='2.1.200.v20130327-2119'>
      <properties size='1'>
        <property name='download.size' value='127557'/>
      </properties>
    </artifact>
    <artifact classifier='osgi.bundle' id='org.eclipse.core.databinding.observable' version='1.4.1.v20130515-1857'>
      <properties size='1'>
        <property name='download.size' value='297395'/>
      </properties>
    </artifact>
    <artifact classifier='osgi.bundle' id='org.eclipse.e4.ui.widgets' version='1.0.0.v20130515-1857'>
      <properties size='1'>
        <property name='download.size' value='14205'/>
      </properties>
    </artifact>
    <artifact classifier='osgi.bundle' id='org.eclipse.equinox.simpleconfigurator' version='1.0.400.v20130327-2119'>
      <properties size='1'>
        <property name='download.size' value='40533'/>
      </properties>
    </artifact>
    <artifact classifier='osgi.bundle' id='org.eclipse.xtext.doc' version='2.5.3.v201402240820'>
      <properties size='1'>
        <property name='download.size' value='2298816'/>
      </properties>
      <repositoryProperties size='1'>
        <property name='artifact.folder' value='true'/>
      </repositoryProperties>
    </artifact>
    <artifact classifier='osgi.bundle' id='org.eclipse.equinox.http.jetty' version='3.0.100.v20130327-1442'>
      <properties size='1'>
        <property name='download.size' value='25187'/>
      </properties>
    </artifact>
    <artifact classifier='osgi.bundle' id='org.eclipse.equinox.p2.director.app' version='1.0.300.v20130819-1621'>
      <properties size='1'>
        <property name='download.size' value='45334'/>
      </properties>
    </artifact>
    <artifact classifier='osgi.bundle' id='org.apache.log4j' version='1.2.15.v201012070815'>
      <properties size='1'>
        <property name='download.size' value='427939'/>
      </properties>
    </artifact>
    <artifact classifier='osgi.bundle' id='org.eclipse.equinox.frameworkadmin.equinox' version='1.0.500.v20130327-2119'>
      <properties size='1'>
        <property name='download.size' value='63436'/>
      </properties>
    </artifact>
    <artifact classifier='osgi.bundle' id='org.eclipse.equinox.p2.ui.discovery' version='1.0.0.v20130502-0334'>
      <properties size='1'>
        <property name='download.size' value='152262'/>
      </properties>
    </artifact>
    <artifact classifier='osgi.bundle' id='org.eclipse.ui.externaltools' version='3.2.200.v20130508-2007'>
      <properties size='1'>
        <property name='download.size' value='137288'/>
      </properties>
    </artifact>
    <artifact classifier='osgi.bundle' id='org.eclipse.jdt.core' version='3.9.2.v20140114-1555'>
      <properties size='1'>
        <property name='download.size' value='4849424'/>
      </properties>
    </artifact>
    <artifact classifier='osgi.bundle' id='org.eclipse.xtend.doc' version='2.5.3.v201402240820'>
      <properties size='1'>
        <property name='download.size' value='85763'/>
      </properties>
    </artifact>
    <artifact classifier='osgi.bundle' id='org.jdom' version='1.1.1.v201101151400'>
      <properties size='1'>
        <property name='download.size' value='184626'/>
      </properties>
    </artifact>
    <artifact classifier='osgi.bundle' id='org.eclipse.xtext' version='2.5.3.v201402240820'>
      <properties size='1'>
        <property name='download.size' value='2204820'/>
      </properties>
    </artifact>
    <artifact classifier='osgi.bundle' id='org.eclipse.xtend.m2e' version='2.5.3.v201402240820'>
      <properties size='1'>
        <property name='download.size' value='9404'/>
      </properties>
    </artifact>
    <artifact classifier='osgi.bundle' id='org.eclipse.ecf.identity' version='3.2.0.v20130604-1622'>
      <properties size='1'>
        <property name='download.size' value='54407'/>
      </properties>
    </artifact>
    <artifact classifier='osgi.bundle' id='org.eclipse.core.databinding.property' version='1.4.200.v20130515-1857'>
      <properties size='1'>
        <property name='download.size' value='169046'/>
      </properties>
    </artifact>
    <artifact classifier='osgi.bundle' id='org.eclipse.ui.net' version='1.2.200.v20120807-0927'>
      <properties size='1'>
        <property name='download.size' value='48832'/>
      </properties>
    </artifact>
    <artifact classifier='osgi.bundle' id='javax.servlet' version='3.0.0.v201112011016'>
      <properties size='1'>
        <property name='download.size' value='201594'/>
      </properties>
    </artifact>
    <artifact classifier='osgi.bundle' id='org.eclipse.jetty.security' version='8.1.14.v20131031'>
      <properties size='1'>
        <property name='download.size' value='98898'/>
      </properties>
    </artifact>
    <artifact classifier='osgi.bundle' id='org.apache.commons.httpclient' version='3.1.0.v201012070820'>
      <properties size='1'>
        <property name='download.size' value='332343'/>
      </properties>
    </artifact>
    <artifact classifier='osgi.bundle' id='org.apache.ant' version='1.8.4.v201303080030'>
      <properties size='1'>
        <property name='download.size' value='2388947'/>
      </properties>
      <repositoryProperties size='1'>
        <property name='artifact.folder' value='true'/>
      </repositoryProperties>
    </artifact>
    <artifact classifier='osgi.bundle' id='org.eclipse.xtext.purexbase' version='2.5.3.v201402240820'>
      <properties size='1'>
        <property name='download.size' value='212241'/>
      </properties>
    </artifact>
    <artifact classifier='osgi.bundle' id='org.eclipse.ui.views' version='3.6.100.v20130326-1250'>
      <properties size='1'>
        <property name='download.size' value='91328'/>
      </properties>
    </artifact>
    <artifact classifier='osgi.bundle' id='org.eclipse.ui.editors' version='3.8.100.v20130513-1637'>
      <properties size='1'>
        <property name='download.size' value='577037'/>
      </properties>
    </artifact>
    <artifact classifier='osgi.bundle' id='org.eclipse.compare.core' version='3.5.300.v20130514-1224'>
      <properties size='1'>
        <property name='download.size' value='63379'/>
      </properties>
    </artifact>
    <artifact classifier='osgi.bundle' id='org.eclipse.debug.ui' version='3.9.0.v20130516-1713'>
      <properties size='1'>
        <property name='download.size' value='2627657'/>
      </properties>
    </artifact>
    <artifact classifier='osgi.bundle' id='org.jsoup' version='1.7.2.v201304221138'>
      <properties size='1'>
        <property name='download.size' value='315528'/>
      </properties>
    </artifact>
    <artifact classifier='osgi.bundle' id='org.eclipse.ui.cheatsheets' version='3.4.200.v20130326-1254'>
      <properties size='1'>
        <property name='download.size' value='330356'/>
      </properties>
    </artifact>
    <artifact classifier='osgi.bundle' id='org.mozilla.javascript' version='1.7.2.v201005080400'>
      <properties size='1'>
        <property name='download.size' value='899713'/>
      </properties>
    </artifact>
    <artifact classifier='osgi.bundle' id='org.eclipse.core.databinding' version='1.4.1.v20130515-1857'>
      <properties size='1'>
        <property name='download.size' value='202137'/>
      </properties>
    </artifact>
    <artifact classifier='osgi.bundle' id='org.eclipse.equinox.ds' version='1.4.101.v20130813-1853'>
      <properties size='1'>
        <property name='download.size' value='194441'/>
      </properties>
    </artifact>
    <artifact classifier='osgi.bundle' id='org.eclipse.core.net' version='1.2.200.v20130430-1352'>
      <properties size='1'>
        <property name='download.size' value='70370'/>
      </properties>
    </artifact>
    <artifact classifier='osgi.bundle' id='org.eclipse.ui.views.log' version='1.0.400.v20130515-2009'>
      <properties size='1'>
        <property name='download.size' value='139749'/>
      </properties>
    </artifact>
    <artifact classifier='osgi.bundle' id='org.eclipse.equinox.p2.directorywatcher' version='1.0.300.v20130327-2119'>
      <properties size='1'>
        <property name='download.size' value='33183'/>
      </properties>
    </artifact>
    <artifact classifier='osgi.bundle' id='org.eclipse.e4.core.services' version='1.1.0.v20130515-1343'>
      <properties size='1'>
        <property name='download.size' value='23152'/>
      </properties>
    </artifact>
    <artifact classifier='osgi.bundle' id='org.eclipse.jetty.io' version='8.1.14.v20131031'>
      <properties size='1'>
        <property name='download.size' value='113315'/>
      </properties>
    </artifact>
    <artifact classifier='osgi.bundle' id='org.eclipse.equinox.p2.ui.sdk.scheduler' version='1.2.0.v20140122-1840'>
      <properties size='1'>
        <property name='download.size' value='113168'/>
      </properties>
    </artifact>
    <artifact classifier='osgi.bundle' id='org.eclipse.core.resources' version='3.8.101.v20130717-0806'>
      <properties size='1'>
        <property name='download.size' value='830014'/>
      </properties>
    </artifact>
    <artifact classifier='osgi.bundle' id='org.eclipse.core.expressions' version='3.4.501.v20131118-1915'>
      <properties size='1'>
        <property name='download.size' value='88715'/>
      </properties>
    </artifact>
    <artifact classifier='osgi.bundle' id='org.apache.xmlrpc' version='3.0.0.v20100427-1100'>
      <properties size='1'>
        <property name='download.size' value='229157'/>
      </properties>
    </artifact>
    <artifact classifier='osgi.bundle' id='org.eclipse.equinox.p2.jarprocessor' version='1.0.300.v20130327-2119'>
      <properties size='1'>
        <property name='download.size' value='65588'/>
      </properties>
    </artifact>
    <artifact classifier='osgi.bundle' id='org.eclipse.emf.ecore.xmi' version='2.9.1.v20131212-0545'>
      <properties size='1'>
        <property name='download.size' value='227785'/>
      </properties>
    </artifact>
    <artifact classifier='osgi.bundle' id='org.apache.commons.io' version='2.0.1.v201105210651'>
      <properties size='1'>
        <property name='download.size' value='170843'/>
      </properties>
    </artifact>
    <artifact classifier='osgi.bundle' id='org.eclipse.team.core' version='3.7.0.v20130514-1224'>
      <properties size='1'>
        <property name='download.size' value='403539'/>
      </properties>
    </artifact>
    <artifact classifier='osgi.bundle' id='org.eclipse.ui.navigator' version='3.5.300.v20130517-0139'>
      <properties size='1'>
        <property name='download.size' value='406375'/>
      </properties>
    </artifact>
    <artifact classifier='osgi.bundle' id='org.eclipse.e4.core.di.extensions' version='0.11.100.v20130514-1256'>
      <properties size='1'>
        <property name='download.size' value='23348'/>
      </properties>
    </artifact>
    <artifact classifier='osgi.bundle' id='org.apache.httpcomponents.httpcore' version='4.1.4.v201203221030'>
      <properties size='1'>
        <property name='download.size' value='208576'/>
      </properties>
    </artifact>
    <artifact classifier='osgi.bundle' id='org.eclipse.core.variables' version='3.2.700.v20130402-1741'>
      <properties size='1'>
        <property name='download.size' value='34228'/>
      </properties>
    </artifact>
    <artifact classifier='osgi.bundle' id='org.eclipse.equinox.p2.publisher' version='1.3.0.v20140129-1405'>
      <properties size='1'>
        <property name='download.size' value='109315'/>
      </properties>
    </artifact>
    <artifact classifier='osgi.bundle' id='org.eclipse.xtext.common.types.edit' version='2.5.3.v201402240820'>
      <properties size='1'>
        <property name='download.size' value='228843'/>
      </properties>
    </artifact>
    <artifact classifier='osgi.bundle' id='org.eclipse.ui.forms' version='3.6.1.v20130822-1117'>
      <properties size='1'>
        <property name='download.size' value='302339'/>
      </properties>
    </artifact>
    <artifact classifier='osgi.bundle' id='org.eclipse.xtext.common.types.ui' version='2.5.3.v201402240820'>
      <properties size='1'>
        <property name='download.size' value='203249'/>
      </properties>
    </artifact>
    <artifact classifier='osgi.bundle' id='org.apache.commons.compress' version='1.4.1.v201301140946'>
      <properties size='1'>
        <property name='download.size' value='254531'/>
      </properties>
    </artifact>
    <artifact classifier='osgi.bundle' id='org.eclipse.e4.ui.css.swt' version='0.11.0.v20130515-1857'>
      <properties size='1'>
        <property name='download.size' value='155359'/>
      </properties>
    </artifact>
    <artifact classifier='osgi.bundle' id='org.eclipse.xtext.util' version='2.5.3.v201402240820'>
      <properties size='1'>
        <property name='download.size' value='217984'/>
      </properties>
    </artifact>
    <artifact classifier='osgi.bundle' id='org.eclipse.equinox.p2.console' version='1.0.300.v20130327-2119'>
      <properties size='1'>
        <property name='download.size' value='27716'/>
      </properties>
    </artifact>
    <artifact classifier='osgi.bundle' id='org.eclipse.ui.intro' version='3.4.200.v20130326-1254'>
      <properties size='1'>
        <property name='download.size' value='309441'/>
      </properties>
    </artifact>
    <artifact classifier='osgi.bundle' id='org.eclipse.help.ui' version='4.0.1.v20130708-1201'>
      <properties size='1'>
        <property name='download.size' value='499671'/>
      </properties>
    </artifact>
    <artifact classifier='osgi.bundle' id='org.eclipse.jdt.launching' version='3.7.1.v20131218-1102'>
      <properties size='1'>
        <property name='download.size' value='319071'/>
      </properties>
    </artifact>
    <artifact classifier='osgi.bundle' id='org.eclipse.xpand' version='1.4.0.v201306110406'>
      <properties size='1'>
        <property name='download.size' value='233734'/>
      </properties>
    </artifact>
    <artifact classifier='osgi.bundle' id='org.eclipse.ui' version='3.105.0.v20130522-1122'>
      <properties size='1'>
        <property name='download.size' value='154349'/>
      </properties>
    </artifact>
    <artifact classifier='osgi.bundle' id='org.eclipse.core.databinding.beans' version='1.2.200.v20130515-1857'>
      <properties size='1'>
        <property name='download.size' value='76513'/>
      </properties>
    </artifact>
    <artifact classifier='osgi.bundle' id='org.antlr.runtime' version='3.2.0.v201101311130'>
      <properties size='1'>
        <property name='download.size' value='214584'/>
      </properties>
    </artifact>
    <artifact classifier='osgi.bundle' id='org.eclipse.team.ui' version='3.7.1.v20130729-1104'>
      <properties size='1'>
        <property name='download.size' value='1438906'/>
      </properties>
    </artifact>
    <artifact classifier='osgi.bundle' id='org.eclipse.emf.edit.ui' version='2.9.0.v20140203-1126'>
      <properties size='1'>
        <property name='download.size' value='218468'/>
      </properties>
    </artifact>
    <artifact classifier='osgi.bundle' id='org.eclipse.help' version='3.6.0.v20130326-1254'>
      <properties size='1'>
        <property name='download.size' value='258927'/>
      </properties>
    </artifact>
    <artifact classifier='osgi.bundle' id='com.sun.syndication' version='0.9.0.v200803061811'>
      <properties size='1'>
        <property name='download.size' value='227617'/>
      </properties>
    </artifact>
    <artifact classifier='osgi.bundle' id='org.eclipse.equinox.frameworkadmin' version='2.0.100.v20130327-2119'>
      <properties size='1'>
        <property name='download.size' value='35960'/>
      </properties>
    </artifact>
    <artifact classifier='osgi.bundle' id='org.eclipse.e4.ui.css.core' version='0.10.100.v20130515-1857'>
      <properties size='1'>
        <property name='download.size' value='199760'/>
      </properties>
    </artifact>
    <artifact classifier='osgi.bundle' id='org.eclipse.emf.ecore.edit' version='2.8.0.v20140203-1126'>
      <properties size='1'>
        <property name='download.size' value='127908'/>
      </properties>
    </artifact>
    <artifact classifier='osgi.bundle' id='org.eclipse.equinox.http.servlet' version='1.1.400.v20130418-1354'>
      <properties size='1'>
        <property name='download.size' value='44975'/>
      </properties>
    </artifact>
    <artifact classifier='osgi.bundle' id='org.w3c.dom.events' version='3.0.0.draft20060413_v201105210656'>
      <properties size='1'>
        <property name='download.size' value='18814'/>
      </properties>
    </artifact>
    <artifact classifier='osgi.bundle' id='com.google.guava' version='12.0.0.v201212092141'>
      <properties size='1'>
        <property name='download.size' value='1897789'/>
      </properties>
    </artifact>
    <artifact classifier='osgi.bundle' id='com.google.inject' version='3.0.0.v201203062045'>
      <properties size='1'>
        <property name='download.size' value='520616'/>
      </properties>
    </artifact>
    <artifact classifier='osgi.bundle' id='org.eclipse.emf' version='2.6.0.v20140203-1126'>
      <properties size='1'>
        <property name='download.size' value='11264'/>
      </properties>
    </artifact>
    <artifact classifier='osgi.bundle' id='org.eclipse.ui.workbench' version='3.105.2.v20140211-1711'>
      <properties size='1'>
        <property name='download.size' value='3844116'/>
      </properties>
    </artifact>
    <artifact classifier='osgi.bundle' id='org.eclipse.emf.converter' version='2.6.0.v20140203-1126'>
      <properties size='1'>
        <property name='download.size' value='89698'/>
      </properties>
    </artifact>
    <artifact classifier='osgi.bundle' id='org.eclipse.equinox.p2.repository' version='2.3.0.v20130412-2032'>
      <properties size='1'>
        <property name='download.size' value='129564'/>
      </properties>
    </artifact>
    <artifact classifier='osgi.bundle' id='org.eclipse.core.jobs' version='3.5.300.v20130429-1813'>
      <properties size='1'>
        <property name='download.size' value='92479'/>
      </properties>
    </artifact>
    <artifact classifier='osgi.bundle' id='org.eclipse.emf.mwe2.launch' version='2.5.1.v201402030750'>
      <properties size='1'>
        <property name='download.size' value='27936'/>
      </properties>
    </artifact>
    <artifact classifier='osgi.bundle' id='org.eclipse.core.contenttype' version='3.4.200.v20130326-1255'>
      <properties size='1'>
        <property name='download.size' value='93013'/>
      </properties>
    </artifact>
    <artifact classifier='osgi.bundle' id='org.eclipse.equinox.p2.metadata.repository' version='1.2.100.v20130327-2119'>
      <properties size='1'>
        <property name='download.size' value='111551'/>
      </properties>
    </artifact>
    <artifact classifier='osgi.bundle' id='org.eclipse.equinox.p2.touchpoint.natives' version='1.1.100.v20130327-2119'>
      <properties size='1'>
        <property name='download.size' value='53136'/>
      </properties>
    </artifact>
    <artifact classifier='osgi.bundle' id='org.eclipse.jdt.core.manipulation' version='1.5.0.v20130605-1748'>
      <properties size='1'>
        <property name='download.size' value='87593'/>
      </properties>
    </artifact>
    <artifact classifier='osgi.bundle' id='antlr4ide.core' version='0.2.1.201403200226'>
      <properties size='1'>
        <property name='download.size' value='1866440'/>
      </properties>
    </artifact>
    <artifact classifier='osgi.bundle' id='antlr4ide.ui' version='0.2.1.201403200226'>
      <properties size='1'>
        <property name='download.size' value='720646'/>
      </properties>
    </artifact>
    <artifact classifier='osgi.bundle' id='org.eclipse.e4.ui.workbench' version='1.0.2.v20131202-1739'>
      <properties size='1'>
        <property name='download.size' value='247937'/>
      </properties>
    </artifact>
    <artifact classifier='osgi.bundle' id='org.eclipse.xtext.activities' version='2.5.3.v201402240820'>
      <properties size='1'>
        <property name='download.size' value='8800'/>
      </properties>
    </artifact>
    <artifact classifier='osgi.bundle' id='org.eclipse.emf.ecore.editor' version='2.9.0.v20140203-1126'>
      <properties size='1'>
        <property name='download.size' value='111304'/>
      </properties>
    </artifact>
    <artifact classifier='osgi.bundle' id='org.eclipse.search' version='3.9.1.v20131121-1346'>
      <properties size='1'>
        <property name='download.size' value='472643'/>
      </properties>
    </artifact>
    <artifact classifier='osgi.bundle' id='org.eclipse.e4.ui.di' version='1.0.0.v20130515-1857'>
      <properties size='1'>
        <property name='download.size' value='15730'/>
      </properties>
    </artifact>
    <artifact classifier='osgi.bundle' id='org.eclipse.jetty.server' version='8.1.14.v20131031'>
      <properties size='1'>
        <property name='download.size' value='370503'/>
      </properties>
    </artifact>
    <artifact classifier='osgi.bundle' id='org.eclipse.e4.ui.css.swt.theme' version='0.9.100.v20130515-1857'>
      <properties size='1'>
        <property name='download.size' value='25528'/>
      </properties>
    </artifact>
    <artifact classifier='osgi.bundle' id='javax.xml.soap' version='1.2.0.v201005080501'>
      <properties size='1'>
        <property name='download.size' value='27015'/>
      </properties>
      <repositoryProperties size='1'>
        <property name='artifact.folder' value='true'/>
      </repositoryProperties>
    </artifact>
    <artifact classifier='osgi.bundle' id='javax.annotation' version='1.1.0.v201209060031'>
      <properties size='1'>
        <property name='download.size' value='27664'/>
      </properties>
    </artifact>
    <artifact classifier='osgi.bundle' id='org.eclipse.equinox.p2.extensionlocation' version='1.2.100.v20130327-2119'>
      <properties size='1'>
        <property name='download.size' value='35331'/>
      </properties>
    </artifact>
    <artifact classifier='osgi.bundle' id='org.eclipse.ecf.ssl' version='1.1.0.v20130604-1622'>
      <properties size='1'>
        <property name='download.size' value='14553'/>
      </properties>
    </artifact>
    <artifact classifier='osgi.bundle' id='org.eclipse.equinox.util' version='1.0.500.v20130404-1337'>
      <properties size='1'>
        <property name='download.size' value='77932'/>
      </properties>
    </artifact>
    <artifact classifier='osgi.bundle' id='org.eclipse.equinox.p2.core' version='2.3.0.v20130327-2119'>
      <properties size='1'>
        <property name='download.size' value='71398'/>
      </properties>
    </artifact>
    <artifact classifier='osgi.bundle' id='org.eclipse.xsd' version='2.10.0.v20140203-0812'>
      <properties size='1'>
        <property name='download.size' value='996086'/>
      </properties>
    </artifact>
    <artifact classifier='osgi.bundle' id='javax.jws' version='2.0.0.v201005080400'>
      <properties size='1'>
        <property name='download.size' value='21199'/>
      </properties>
    </artifact>
    <artifact classifier='osgi.bundle' id='org.eclipse.ltk.ui.refactoring' version='3.7.100.v20130605-1748'>
      <properties size='1'>
        <property name='download.size' value='458479'/>
      </properties>
    </artifact>
    <artifact classifier='osgi.bundle' id='org.eclipse.draw2d' version='3.9.0.201308190730'>
      <properties size='1'>
        <property name='download.size' value='570306'/>
      </properties>
    </artifact>
    <artifact classifier='osgi.bundle' id='org.eclipse.compare' version='3.5.401.v20130709-1308'>
      <properties size='1'>
        <property name='download.size' value='754963'/>
      </properties>
    </artifact>
    <artifact classifier='osgi.bundle' id='org.eclipse.equinox.registry' version='3.5.301.v20130717-1549'>
      <properties size='1'>
        <property name='download.size' value='184147'/>
      </properties>
    </artifact>
    <artifact classifier='osgi.bundle' id='org.eclipse.jetty.util' version='8.1.14.v20131031'>
      <properties size='1'>
        <property name='download.size' value='301680'/>
      </properties>
    </artifact>
    <artifact classifier='osgi.bundle' id='ch.qos.logback.classic' version='1.0.7.v20121108-1250'>
      <properties size='1'>
        <property name='download.size' value='262120'/>
      </properties>
    </artifact>
    <artifact classifier='osgi.bundle' id='org.eclipse.ecf.provider.filetransfer.ssl' version='1.0.0.v20130604-1622'>
      <properties size='1'>
        <property name='download.size' value='9676'/>
      </properties>
    </artifact>
    <artifact classifier='osgi.bundle' id='org.eclipse.core.filebuffers' version='3.5.300.v20130225-1821'>
      <properties size='1'>
        <property name='download.size' value='114602'/>
      </properties>
    </artifact>
    <artifact classifier='osgi.bundle' id='org.eclipse.equinox.preferences' version='3.5.100.v20130422-1538'>
      <properties size='1'>
        <property name='download.size' value='127170'/>
      </properties>
    </artifact>
    <artifact classifier='osgi.bundle' id='org.eclipse.ecf.filetransfer' version='5.0.0.v20130604-1622'>
      <properties size='1'>
        <property name='download.size' value='51730'/>
      </properties>
    </artifact>
    <artifact classifier='osgi.bundle' id='org.eclipse.jdt.annotation' version='1.1.0.v20130513-1648'>
      <properties size='1'>
        <property name='download.size' value='14613'/>
      </properties>
    </artifact>
    <artifact classifier='osgi.bundle' id='org.eclipse.equinox.p2.updatesite' version='1.0.400.v20130515-2028'>
      <properties size='1'>
        <property name='download.size' value='92235'/>
      </properties>
    </artifact>
    <artifact classifier='osgi.bundle' id='org.eclipse.emf.mwe2.runtime' version='2.5.1.v201402030544'>
      <properties size='1'>
        <property name='download.size' value='13261'/>
      </properties>
    </artifact>
    <artifact classifier='osgi.bundle' id='org.eclipse.e4.ui.workbench.swt' version='0.12.2.v20140117-1939'>
      <properties size='1'>
        <property name='download.size' value='171259'/>
      </properties>
    </artifact>
    <artifact classifier='osgi.bundle' id='org.eclipse.xtend' version='1.4.0.v201306110406'>
      <properties size='1'>
        <property name='download.size' value='553011'/>
      </properties>
    </artifact>
    <artifact classifier='osgi.bundle' id='org.eclipse.text' version='3.5.300.v20130515-1451'>
      <properties size='1'>
        <property name='download.size' value='249432'/>
      </properties>
    </artifact>
    <artifact classifier='osgi.bundle' id='org.eclipse.core.commands' version='3.6.100.v20130515-1857'>
      <properties size='1'>
        <property name='download.size' value='108765'/>
      </properties>
    </artifact>
    <artifact classifier='osgi.bundle' id='org.eclipse.xtend2.lib' version='2.5.3.v201402240820'>
      <properties size='1'>
        <property name='download.size' value='7222'/>
      </properties>
    </artifact>
    <artifact classifier='osgi.bundle' id='org.eclipse.emf.common' version='2.9.2.v20131212-0545'>
      <properties size='1'>
        <property name='download.size' value='351614'/>
      </properties>
    </artifact>
    <artifact classifier='osgi.bundle' id='org.eclipse.e4.ui.workbench.addons.swt' version='1.0.2.v20131129-1621'>
      <properties size='1'>
        <property name='download.size' value='135085'/>
      </properties>
    </artifact>
    <artifact classifier='osgi.bundle' id='org.slf4j.api' version='1.7.2.v20121108-1250'>
      <properties size='1'>
        <property name='download.size' value='35173'/>
      </properties>
    </artifact>
    <artifact classifier='osgi.bundle' id='org.eclipse.core.runtime.compatibility.auth' version='3.2.300.v20120523-2004'>
      <properties size='1'>
        <property name='download.size' value='21532'/>
      </properties>
    </artifact>
    <artifact classifier='osgi.bundle' id='org.eclipse.jetty.http' version='8.1.14.v20131031'>
      <properties size='1'>
        <property name='download.size' value='103777'/>
      </properties>
    </artifact>
    <artifact classifier='osgi.bundle' id='java_cup.runtime' version='0.10.0.v201005080400'>
      <properties size='1'>
        <property name='download.size' value='16100'/>
      </properties>
    </artifact>
    <artifact classifier='osgi.bundle' id='org.eclipse.xtend.lib' version='2.5.3.v201402240820'>
      <properties size='1'>
        <property name='download.size' value='57896'/>
      </properties>
    </artifact>
    <artifact classifier='osgi.bundle' id='org.apache.xalan' version='2.7.1.v201005080400'>
      <properties size='1'>
        <property name='download.size' value='2765465'/>
      </properties>
    </artifact>
    <artifact classifier='osgi.bundle' id='org.eclipse.equinox.bidi' version='0.10.0.v20130327-1442'>
      <properties size='1'>
        <property name='download.size' value='48549'/>
      </properties>
    </artifact>
    <artifact classifier='osgi.bundle' id='org.eclipse.e4.core.contexts' version='1.3.1.v20130905-0905'>
      <properties size='1'>
        <property name='download.size' value='47374'/>
      </properties>
    </artifact>
    <artifact classifier='osgi.bundle' id='org.apache.bcel' version='5.2.0.v201005080400'>
      <properties size='1'>
        <property name='download.size' value='558401'/>
      </properties>
    </artifact>
    <artifact classifier='osgi.bundle' id='org.eclipse.emf.ecore.change.edit' version='2.5.0.v20140203-1126'>
      <properties size='1'>
        <property name='download.size' value='30952'/>
      </properties>
    </artifact>
    <artifact classifier='osgi.bundle' id='org.eclipse.osgi.util' version='3.2.300.v20130513-1956'>
      <properties size='1'>
        <property name='download.size' value='24805'/>
      </properties>
    </artifact>
    <artifact classifier='osgi.bundle' id='org.eclipse.emf.codegen.ecore' version='2.9.1.v20140203-1126'>
      <properties size='1'>
        <property name='download.size' value='1059297'/>
      </properties>
    </artifact>
    <artifact classifier='osgi.bundle' id='org.eclipse.xtext.builder.standalone' version='2.5.3.v201402240820'>
      <properties size='1'>
        <property name='download.size' value='51897'/>
      </properties>
    </artifact>
    <artifact classifier='osgi.bundle' id='org.eclipse.jface' version='3.9.1.v20130725-1141'>
      <properties size='1'>
        <property name='download.size' value='1100507'/>
      </properties>
    </artifact>
    <artifact classifier='osgi.bundle' id='org.eclipse.emf.edit' version='2.9.0.v20140203-1126'>
      <properties size='1'>
        <property name='download.size' value='269628'/>
      </properties>
    </artifact>
    <artifact classifier='osgi.bundle' id='org.eclipse.equinox.p2.transport.ecf' version='1.1.0.v20130516-1858'>
      <properties size='1'>
        <property name='download.size' value='41515'/>
      </properties>
    </artifact>
    <artifact classifier='osgi.bundle' id='org.hamcrest.core' version='1.3.0.v201303031735'>
      <properties size='1'>
        <property name='download.size' value='55802'/>
      </properties>
    </artifact>
    <artifact classifier='osgi.bundle' id='org.eclipse.ui.ide' version='3.9.2.v20131004-0923'>
      <properties size='1'>
        <property name='download.size' value='2366198'/>
      </properties>
    </artifact>
    <artifact classifier='osgi.bundle' id='org.eclipse.jetty.continuation' version='8.1.14.v20131031'>
      <properties size='1'>
        <property name='download.size' value='27561'/>
      </properties>
    </artifact>
    <artifact classifier='osgi.bundle' id='org.eclipse.ltk.core.refactoring' version='3.6.100.v20130605-1748'>
      <properties size='1'>
        <property name='download.size' value='326171'/>
      </properties>
    </artifact>
    <artifact classifier='osgi.bundle' id='org.w3c.css.sac' version='1.3.1.v200903091627'>
      <properties size='1'>
        <property name='download.size' value='32952'/>
      </properties>
    </artifact>
    <artifact classifier='osgi.bundle' id='org.eclipse.equinox.p2.ql' version='2.0.100.v20130327-2119'>
      <properties size='1'>
        <property name='download.size' value='9084'/>
      </properties>
    </artifact>
    <artifact classifier='osgi.bundle' id='org.eclipse.equinox.console' version='1.0.100.v20130429-0953'>
      <properties size='1'>
        <property name='download.size' value='116277'/>
      </properties>
    </artifact>
    <artifact classifier='osgi.bundle' id='org.apache.felix.gogo.runtime' version='0.10.0.v201209301036'>
      <properties size='1'>
        <property name='download.size' value='80249'/>
      </properties>
    </artifact>
    <artifact classifier='osgi.bundle' id='ch.qos.logback.core' version='1.0.7.v20121108-1250'>
      <properties size='1'>
        <property name='download.size' value='389972'/>
      </properties>
    </artifact>
    <artifact classifier='osgi.bundle' id='org.eclipse.jdt.ui' version='3.9.2.v20131106-1600'>
      <properties size='1'>
        <property name='download.size' value='10386579'/>
      </properties>
    </artifact>
    <artifact classifier='osgi.bundle' id='org.eclipse.e4.ui.model.workbench' version='1.0.1.v20131118-1956'>
      <properties size='1'>
        <property name='download.size' value='379185'/>
      </properties>
    </artifact>
    <artifact classifier='osgi.bundle' id='org.eclipse.ecf.provider.filetransfer.httpclient4.ssl' version='1.0.0.v20130604-1622'>
      <properties size='1'>
        <property name='download.size' value='13790'/>
      </properties>
    </artifact>
    <artifact classifier='osgi.bundle' id='javax.xml.stream' version='1.0.1.v201004272200'>
      <properties size='1'>
        <property name='download.size' value='39699'/>
      </properties>
    </artifact>
    <artifact classifier='osgi.bundle' id='org.eclipse.jdt.debug' version='3.8.0.v20130514-0841'>
      <properties size='1'>
        <property name='download.size' value='821822'/>
      </properties>
      <repositoryProperties size='1'>
        <property name='artifact.folder' value='true'/>
      </repositoryProperties>
    </artifact>
    <artifact classifier='osgi.bundle' id='org.eclipse.equinox.p2.repository.tools' version='2.1.0.v20130327-2119'>
      <properties size='1'>
        <property name='download.size' value='229709'/>
      </properties>
    </artifact>
    <artifact classifier='osgi.bundle' id='org.eclipse.ui.navigator.resources' version='3.4.501.v20131021-1545'>
      <properties size='1'>
        <property name='download.size' value='121351'/>
      </properties>
    </artifact>
    <artifact classifier='osgi.bundle' id='org.eclipse.equinox.p2.ui' version='2.3.0.v20131209-2052'>
      <properties size='1'>
        <property name='download.size' value='552123'/>
      </properties>
    </artifact>
    <artifact classifier='osgi.bundle' id='org.eclipse.e4.ui.services' version='1.0.1.v20131118-1940'>
      <properties size='1'>
        <property name='download.size' value='25174'/>
      </properties>
    </artifact>
    <artifact classifier='osgi.bundle' id='org.apache.lucene.analysis' version='3.5.0.v20120725-1805'>
      <properties size='1'>
        <property name='download.size' value='909272'/>
      </properties>
    </artifact>
    <artifact classifier='osgi.bundle' id='org.eclipse.ui.console' version='3.5.200.v20130514-0954'>
      <properties size='1'>
        <property name='download.size' value='161127'/>
      </properties>
    </artifact>
    <artifact classifier='osgi.bundle' id='org.apache.commons.codec' version='1.4.0.v201209201156'>
      <properties size='1'>
        <property name='download.size' value='74542'/>
      </properties>
    </artifact>
    <artifact classifier='osgi.bundle' id='org.eclipse.equinox.event' version='1.3.0.v20130327-1442'>
      <properties size='1'>
        <property name='download.size' value='32690'/>
      </properties>
    </artifact>
    <artifact classifier='osgi.bundle' id='org.apache.commons.cli' version='1.2.0.v201105210650'>
      <properties size='1'>
        <property name='download.size' value='54360'/>
      </properties>
    </artifact>
    <artifact classifier='osgi.bundle' id='org.eclipse.equinox.p2.metadata' version='2.2.0.v20130523-1557'>
      <properties size='1'>
        <property name='download.size' value='337972'/>
      </properties>
    </artifact>
    <artifact classifier='osgi.bundle' id='org.objectweb.asm' version='3.3.1.v201105211655'>
      <properties size='1'>
        <property name='download.size' value='228617'/>
      </properties>
    </artifact>
    <artifact classifier='osgi.bundle' id='org.eclipse.xtext.ui.codetemplates' version='2.5.3.v201402240820'>
      <properties size='1'>
        <property name='download.size' value='354228'/>
      </properties>
    </artifact>
    <artifact classifier='osgi.bundle' id='org.eclipse.ecf.provider.filetransfer.httpclient4' version='1.0.300.v20130604-1622'>
      <properties size='1'>
        <property name='download.size' value='70909'/>
      </properties>
    </artifact>
    <artifact classifier='osgi.bundle' id='org.sat4j.core' version='2.3.5.v201308161310'>
      <properties size='1'>
        <property name='download.size' value='363567'/>
      </properties>
    </artifact>
    <artifact classifier='osgi.bundle' id='org.eclipse.xtext.common.types' version='2.5.3.v201402240820'>
      <properties size='1'>
        <property name='download.size' value='537301'/>
      </properties>
    </artifact>
    <artifact classifier='osgi.bundle' id='org.eclipse.equinox.launcher' version='1.3.0.v20130327-1440'>
      <properties size='1'>
        <property name='download.size' value='49968'/>
      </properties>
    </artifact>
    <artifact classifier='osgi.bundle' id='javax.persistence' version='2.1.0.v201304241213'>
      <properties size='1'>
        <property name='download.size' value='183700'/>
      </properties>
    </artifact>
    <artifact classifier='osgi.bundle' id='org.eclipse.xtext.ecore' version='2.5.3.v201402240820'>
      <properties size='1'>
        <property name='download.size' value='15692'/>
      </properties>
    </artifact>
    <artifact classifier='osgi.bundle' id='org.eclipse.jetty.servlet' version='8.1.14.v20131031'>
      <properties size='1'>
        <property name='download.size' value='109181'/>
      </properties>
    </artifact>
    <artifact classifier='osgi.bundle' id='org.eclipse.epp.mpc.help.ui' version='1.2.1.v20140219-1000'>
      <properties size='1'>
        <property name='download.size' value='547510'/>
      </properties>
    </artifact>
    <artifact classifier='osgi.bundle' id='org.eclipse.jface.text' version='3.8.101.v20130802-1147'>
      <properties size='1'>
        <property name='download.size' value='992827'/>
      </properties>
    </artifact>
    <artifact classifier='osgi.bundle' id='org.apache.commons.net' version='3.2.0.v201305141515'>
      <properties size='1'>
        <property name='download.size' value='294521'/>
      </properties>
    </artifact>
    <artifact classifier='osgi.bundle' id='org.apache.felix.gogo.command' version='0.10.0.v201209301215'>
      <properties size='1'>
        <property name='download.size' value='57646'/>
      </properties>
    </artifact>
    <artifact classifier='osgi.bundle' id='org.eclipse.equinox.p2.artifact.repository' version='1.1.200.v20130515-2028'>
      <properties size='1'>
        <property name='download.size' value='135772'/>
      </properties>
    </artifact>
    <artifact classifier='osgi.bundle' id='org.eclipse.xtext.smap' version='2.5.3.v201402240820'>
      <properties size='1'>
        <property name='download.size' value='15816'/>
      </properties>
    </artifact>
    <artifact classifier='osgi.bundle' id='org.apache.xerces' version='2.9.0.v201101211617'>
      <properties size='1'>
        <property name='download.size' value='1338028'/>
      </properties>
    </artifact>
    <artifact classifier='osgi.bundle' id='org.eclipse.help.base' version='4.0.1.v20140221-1700'>
      <properties size='1'>
        <property name='download.size' value='406943'/>
      </properties>
    </artifact>
    <artifact classifier='osgi.bundle' id='org.eclipse.update.configurator' version='3.3.200.v20140203-1328'>
      <properties size='1'>
        <property name='download.size' value='101021'/>
      </properties>
    </artifact>
    <artifact classifier='osgi.bundle' id='javax.inject' version='1.0.0.v20091030'>
      <properties size='1'>
        <property name='download.size' value='12288'/>
      </properties>
    </artifact>
    <artifact classifier='osgi.bundle' id='org.eclipse.equinox.p2.discovery' version='1.0.200.v20130327-2119'>
      <properties size='1'>
        <property name='download.size' value='36511'/>
      </properties>
    </artifact>
    <artifact classifier='osgi.bundle' id='org.eclipse.xtext.xbase' version='2.5.3.v201402240820'>
      <properties size='1'>
        <property name='download.size' value='3580894'/>
      </properties>
    </artifact>
    <artifact classifier='osgi.bundle' id='org.eclipse.ui.browser' version='3.4.100.v20130527-1656'>
      <properties size='1'>
        <property name='download.size' value='192768'/>
      </properties>
    </artifact>
    <artifact classifier='osgi.bundle' id='org.eclipse.epp.mpc.ui' version='1.2.1.v20140219-1000'>
      <properties size='1'>
        <property name='download.size' value='319987'/>
      </properties>
    </artifact>
    <artifact classifier='osgi.bundle' id='org.sat4j.pb' version='2.3.5.v201308161310'>
      <properties size='1'>
        <property name='download.size' value='242569'/>
      </properties>
    </artifact>
    <artifact classifier='osgi.bundle' id='org.eclipse.emf.databinding.edit' version='1.3.0.v20140203-1126'>
      <properties size='1'>
        <property name='download.size' value='50624'/>
      </properties>
    </artifact>
    <artifact classifier='osgi.bundle' id='org.apache.commons.lang' version='2.6.0.v201205030909'>
      <properties size='1'>
        <property name='download.size' value='299208'/>
      </properties>
    </artifact>
    <artifact classifier='osgi.bundle' id='org.eclipse.equinox.security.ui' version='1.1.100.v20130327-1442'>
      <properties size='1'>
        <property name='download.size' value='215381'/>
      </properties>
    </artifact>
    <artifact classifier='osgi.bundle' id='org.eclipse.equinox.p2.director' version='2.3.1.v20140221-1852'>
      <properties size='1'>
        <property name='download.size' value='103072'/>
      </properties>
    </artifact>
    <artifact classifier='osgi.bundle' id='javax.xml.ws' version='2.1.0.v200902101523'>
      <properties size='1'>
        <property name='download.size' value='56127'/>
      </properties>
    </artifact>
    <artifact classifier='osgi.bundle' id='org.eclipse.equinox.p2.ui.importexport' version='1.1.0.v20131209-2052'>
      <properties size='1'>
        <property name='download.size' value='119433'/>
      </properties>
    </artifact>
    <artifact classifier='osgi.bundle' id='org.eclipse.core.externaltools' version='1.0.200.v20130402-1741'>
      <properties size='1'>
        <property name='download.size' value='40987'/>
      </properties>
    </artifact>
    <artifact classifier='osgi.bundle' id='org.eclipse.xtext.ui.shared' version='2.5.3.v201402240820'>
      <properties size='1'>
        <property name='download.size' value='45216'/>
      </properties>
    </artifact>
    <artifact classifier='osgi.bundle' id='org.eclipse.e4.ui.workbench.renderers.swt' version='0.11.2.v20140205-1834'>
      <properties size='1'>
        <property name='download.size' value='338293'/>
      </properties>
    </artifact>
    <artifact classifier='osgi.bundle' id='ch.qos.logback.slf4j' version='1.0.7.v20121108-1250'>
      <properties size='1'>
        <property name='download.size' value='11048'/>
      </properties>
    </artifact>
    <artifact classifier='osgi.bundle' id='org.eclipse.ui.trace' version='1.0.100.v20130508-1926'>
      <properties size='1'>
        <property name='download.size' value='67513'/>
      </properties>
    </artifact>
    <artifact classifier='osgi.bundle' id='antlr4ide.app' version='0.2.1.201403200226'>
      <properties size='1'>
        <property name='download.size' value='96183'/>
      </properties>
    </artifact>
    <artifact classifier='osgi.bundle' id='org.eclipse.equinox.p2.operations' version='2.3.0.v20130711-1809'>
      <properties size='1'>
        <property name='download.size' value='75613'/>
      </properties>
    </artifact>
    <artifact classifier='osgi.bundle' id='org.eclipse.equinox.p2.discovery.compatibility' version='1.0.101.v20130327-2119'>
      <properties size='1'>
        <property name='download.size' value='56425'/>
      </properties>
    </artifact>
    <artifact classifier='osgi.bundle' id='org.eclipse.emf.mwe.core' version='1.2.1.v201402030544'>
      <properties size='1'>
        <property name='download.size' value='186870'/>
      </properties>
    </artifact>
    <artifact classifier='osgi.bundle' id='org.eclipse.debug.core' version='3.8.0.v20130514-0954'>
      <properties size='1'>
        <property name='download.size' value='347936'/>
      </properties>
    </artifact>
    <artifact classifier='osgi.bundle' id='org.eclipse.equinox.p2.updatechecker' version='1.1.200.v20130327-2119'>
      <properties size='1'>
        <property name='download.size' value='17684'/>
      </properties>
    </artifact>
    <artifact classifier='osgi.bundle' id='org.apache.batik.util' version='1.6.0.v201011041432'>
      <properties size='1'>
        <property name='download.size' value='101159'/>
      </properties>
    </artifact>
    <artifact classifier='osgi.bundle' id='org.eclipse.equinox.security' version='1.2.0.v20130424-1801'>
      <properties size='1'>
        <property name='download.size' value='107313'/>
      </properties>
    </artifact>
    <artifact classifier='osgi.bundle' id='org.eclipse.equinox.p2.ui.sdk' version='1.0.300.v20130503-1750'>
      <properties size='1'>
        <property name='download.size' value='46235'/>
      </properties>
    </artifact>
    <artifact classifier='osgi.bundle' id='org.eclipse.emf.codegen' version='2.9.0.v20140203-1126'>
      <properties size='1'>
        <property name='download.size' value='288353'/>
      </properties>
    </artifact>
    <artifact classifier='osgi.bundle' id='org.w3c.dom.svg' version='1.1.0.v201011041433'>
      <properties size='1'>
        <property name='download.size' value='87897'/>
      </properties>
    </artifact>
    <artifact classifier='osgi.bundle' id='org.eclipse.osgi' version='3.9.1.v20140110-1610'>
      <properties size='1'>
        <property name='download.size' value='1394033'/>
      </properties>
    </artifact>
    <artifact classifier='osgi.bundle' id='org.eclipse.equinox.launcher.gtk.linux.x86' version='1.1.200.v20140116-2212'>
      <properties size='1'>
        <property name='download.size' value='76493'/>
      </properties>
      <repositoryProperties size='1'>
        <property name='artifact.folder' value='true'/>
      </repositoryProperties>
    </artifact>
    <artifact classifier='osgi.bundle' id='org.apache.felix.gogo.shell' version='0.10.0.v201212101605'>
      <properties size='1'>
        <property name='download.size' value='60827'/>
      </properties>
    </artifact>
    <artifact classifier='osgi.bundle' id='org.eclipse.xsd.edit' version='2.6.0.v20140203-1126'>
      <properties size='1'>
        <property name='download.size' value='223196'/>
      </properties>
    </artifact>
    <artifact classifier='osgi.bundle' id='org.apache.xml.serializer' version='2.7.1.v201005080400'>
      <properties size='1'>
        <property name='download.size' value='302020'/>
      </properties>
    </artifact>
    <artifact classifier='osgi.bundle' id='org.eclipse.ui.views.properties.tabbed' version='3.6.0.v20130515-1857'>
      <properties size='1'>
        <property name='download.size' value='106563'/>
      </properties>
    </artifact>
    <artifact classifier='osgi.bundle' id='org.eclipse.xtext.ui' version='2.5.3.v201402240820'>
      <properties size='1'>
        <property name='download.size' value='1449843'/>
      </properties>
    </artifact>
    <artifact classifier='osgi.bundle' id='org.eclipse.emf.ecore' version='2.9.2.v20131212-0545'>
      <properties size='1'>
        <property name='download.size' value='1182690'/>
      </properties>
    </artifact>
    <artifact classifier='osgi.bundle' id='org.eclipse.epp.mpc.core' version='1.2.1.v20140219-1000'>
      <properties size='1'>
        <property name='download.size' value='103628'/>
      </properties>
    </artifact>
    <artifact classifier='osgi.bundle' id='org.eclipse.xtext.xbase.lib' version='2.5.3.v201402240820'>
      <properties size='1'>
        <property name='download.size' value='112047'/>
      </properties>
    </artifact>
    <artifact classifier='osgi.bundle' id='org.apache.ws.commons.util' version='1.0.1.v20100518-1140'>
      <properties size='1'>
        <property name='download.size' value='43670'/>
      </properties>
    </artifact>
    <artifact classifier='osgi.bundle' id='org.eclipse.xtend.core' version='2.5.3.v201402240820'>
      <properties size='1'>
        <property name='download.size' value='1524999'/>
      </properties>
    </artifact>
    <artifact classifier='osgi.bundle' id='org.eclipse.ecf.provider.filetransfer' version='3.2.0.v20130604-1622'>
      <properties size='1'>
        <property name='download.size' value='127621'/>
      </properties>
    </artifact>
    <artifact classifier='osgi.bundle' id='com.ibm.icu' version='50.1.1.v201304230130'>
      <properties size='1'>
        <property name='download.size' value='9451362'/>
      </properties>
    </artifact>
    <artifact classifier='osgi.bundle' id='org.eclipse.emf.mwe.utils' version='1.3.1.v201402030544'>
      <properties size='1'>
        <property name='download.size' value='34372'/>
      </properties>
    </artifact>
    <artifact classifier='osgi.bundle' id='javax.mail' version='1.4.0.v201005080615'>
      <properties size='1'>
        <property name='download.size' value='320960'/>
      </properties>
    </artifact>
    <artifact classifier='osgi.bundle' id='org.eclipse.equinox.p2.engine' version='2.3.0.v20130526-2122'>
      <properties size='1'>
        <property name='download.size' value='200296'/>
      </properties>
    </artifact>
    <artifact classifier='osgi.bundle' id='org.eclipse.ui.workbench.texteditor' version='3.8.101.v20130729-1318'>
      <properties size='1'>
        <property name='download.size' value='584739'/>
      </properties>
    </artifact>
    <artifact classifier='osgi.bundle' id='org.eclipse.platform' version='4.3.2.v20140221-1700'>
      <properties size='1'>
        <property name='download.size' value='400783'/>
      </properties>
      <repositoryProperties size='1'>
        <property name='artifact.folder' value='true'/>
      </repositoryProperties>
    </artifact>
    <artifact classifier='osgi.bundle' id='org.eclipse.rcp' version='4.3.0.v20140221-1700'>
      <properties size='1'>
        <property name='download.size' value='13225'/>
      </properties>
    </artifact>
    <artifact classifier='osgi.bundle' id='org.apache.xml.resolver' version='1.2.0.v201005080400'>
      <properties size='1'>
        <property name='download.size' value='102715'/>
      </properties>
    </artifact>
    <artifact classifier='osgi.bundle' id='org.eclipse.emf.databinding' version='1.3.0.v20140203-1126'>
      <properties size='1'>
        <property name='download.size' value='89109'/>
      </properties>
    </artifact>
    <artifact classifier='osgi.bundle' id='javax.xml' version='1.3.4.v201005080400'>
      <properties size='1'>
        <property name='download.size' value='237987'/>
      </properties>
    </artifact>
    <artifact classifier='osgi.bundle' id='org.eclipse.xtext.generator' version='2.5.3.v201402240820'>
      <properties size='1'>
        <property name='download.size' value='889904'/>
      </properties>
    </artifact>
    <artifact classifier='osgi.bundle' id='org.eclipse.equinox.http.registry' version='1.1.300.v20130402-1529'>
      <properties size='1'>
        <property name='download.size' value='45207'/>
      </properties>
    </artifact>
    <artifact classifier='osgi.bundle' id='org.apache.httpcomponents.httpclient' version='4.1.3.v201209201135'>
      <properties size='1'>
        <property name='download.size' value='514499'/>
      </properties>
    </artifact>
    <artifact classifier='osgi.bundle' id='org.eclipse.e4.ui.bindings' version='0.10.102.v20140117-1939'>
      <properties size='1'>
        <property name='download.size' value='48753'/>
      </properties>
    </artifact>
    <artifact classifier='osgi.bundle' id='org.eclipse.swt' version='3.102.1.v20140206-1334'>
      <properties size='1'>
        <property name='download.size' value='18483'/>
      </properties>
    </artifact>
    <artifact classifier='osgi.bundle' id='org.eclipse.sdk' version='4.3.2.v20140221-1700'>
      <properties size='1'>
        <property name='download.size' value='114732'/>
      </properties>
      <repositoryProperties size='1'>
        <property name='artifact.folder' value='true'/>
      </repositoryProperties>
    </artifact>
    <artifact classifier='osgi.bundle' id='org.eclipse.ui.ide.application' version='1.0.401.v20131105-1007'>
      <properties size='1'>
        <property name='download.size' value='66244'/>
      </properties>
    </artifact>
    <artifact classifier='osgi.bundle' id='org.eclipse.emf.mwe2.lib' version='2.5.1.v201402030544'>
      <properties size='1'>
        <property name='download.size' value='29926'/>
      </properties>
    </artifact>
    <artifact classifier='osgi.bundle' id='org.apache.velocity' version='1.5.0.v200905192330'>
      <properties size='1'>
        <property name='download.size' value='415796'/>
      </properties>
    </artifact>
    <artifact classifier='osgi.bundle' id='org.apache.commons.collections' version='3.2.0.v2013030210310'>
      <properties size='1'>
        <property name='download.size' value='612532'/>
      </properties>
    </artifact>
    <artifact classifier='osgi.bundle' id='org.eclipse.e4.core.commands' version='0.10.2.v20130515-1857'>
      <properties size='1'>
        <property name='download.size' value='23904'/>
      </properties>
    </artifact>
    <artifact classifier='osgi.bundle' id='org.apache.commons.discovery' version='0.2.0.v201004190315'>
      <properties size='1'>
        <property name='download.size' value='67963'/>
      </properties>
      <repositoryProperties size='1'>
        <property name='artifact.folder' value='true'/>
      </repositoryProperties>
    </artifact>
    <artifact classifier='osgi.bundle' id='org.w3c.dom.smil' version='1.0.1.v200903091627'>
      <properties size='1'>
        <property name='download.size' value='24854'/>
      </properties>
    </artifact>
    <artifact classifier='osgi.bundle' id='org.eclipse.emf.ecore.change' version='2.9.0.v20131212-0545'>
      <properties size='1'>
        <property name='download.size' value='85879'/>
      </properties>
    </artifact>
    <artifact classifier='osgi.bundle' id='org.eclipse.core.filesystem' version='1.4.0.v20130514-1240'>
      <properties size='1'>
        <property name='download.size' value='58051'/>
      </properties>
    </artifact>
    <artifact classifier='osgi.bundle' id='org.eclipse.equinox.p2.garbagecollector' version='1.0.200.v20130327-2119'>
      <properties size='1'>
        <property name='download.size' value='25053'/>
      </properties>
    </artifact>
    <artifact classifier='osgi.bundle' id='org.eclipse.core.runtime.compatibility.registry' version='3.5.200.v20130514-1256'>
      <properties size='1'>
        <property name='download.size' value='13560'/>
      </properties>
      <repositoryProperties size='1'>
        <property name='artifact.folder' value='true'/>
      </repositoryProperties>
    </artifact>
    <artifact classifier='osgi.bundle' id='org.apache.batik.util.gui' version='1.6.0.v201011041432'>
      <properties size='1'>
        <property name='download.size' value='164253'/>
      </properties>
    </artifact>
    <artifact classifier='osgi.bundle' id='org.eclipse.equinox.app' version='1.3.100.v20130327-1442'>
      <properties size='1'>
        <property name='download.size' value='86244'/>
      </properties>
    </artifact>
    <artifact classifier='osgi.bundle' id='org.apache.commons.logging' version='1.1.1.v201101211721'>
      <properties size='1'>
        <property name='download.size' value='68107'/>
      </properties>
    </artifact>
    <artifact classifier='osgi.bundle' id='org.eclipse.equinox.p2.reconciler.dropins' version='1.1.200.v20130419-1850'>
      <properties size='1'>
        <property name='download.size' value='48578'/>
      </properties>
    </artifact>
    <artifact classifier='osgi.bundle' id='org.apache.lucene.core' version='3.5.0.v20120725-1805'>
      <properties size='1'>
        <property name='download.size' value='1550773'/>
      </properties>
    </artifact>
    <artifact classifier='osgi.bundle' id='javax.xml.bind' version='2.2.0.v201105210648'>
      <properties size='1'>
        <property name='download.size' value='118144'/>
      </properties>
    </artifact>
    <artifact classifier='osgi.bundle' id='org.eclipse.equinox.concurrent' version='1.1.0.v20130327-1442'>
      <properties size='1'>
        <property name='download.size' value='25493'/>
      </properties>
    </artifact>
    <artifact classifier='osgi.bundle' id='org.eclipse.equinox.common' version='3.6.200.v20130402-1505'>
      <properties size='1'>
        <property name='download.size' value='106701'/>
      </properties>
    </artifact>
    <artifact classifier='osgi.bundle' id='org.eclipse.ecf' version='3.2.0.v20130604-1622'>
      <properties size='1'>
        <property name='download.size' value='94160'/>
      </properties>
    </artifact>
    <artifact classifier='osgi.bundle' id='org.apache.batik.css' version='1.6.0.v201011041432'>
      <properties size='1'>
        <property name='download.size' value='265409'/>
      </properties>
    </artifact>
    <artifact classifier='osgi.bundle' id='org.eclipse.core.runtime.compatibility' version='3.2.200.v20130326-1255'>
      <properties size='1'>
        <property name='download.size' value='93921'/>
      </properties>
    </artifact>
    <artifact classifier='osgi.bundle' id='org.eclipse.equinox.p2.publisher.eclipse' version='1.1.200.v20130516-1953'>
      <properties size='1'>
        <property name='download.size' value='207496'/>
      </properties>
    </artifact>
    <artifact classifier='osgi.bundle' id='org.eclipse.xtext.ui.codetemplates.ui' version='2.5.3.v201402240820'>
      <properties size='1'>
        <property name='download.size' value='236404'/>
      </properties>
    </artifact>
    <artifact classifier='osgi.bundle' id='javax.activation' version='1.1.0.v201211130549'>
      <properties size='1'>
        <property name='download.size' value='55674'/>
      </properties>
    </artifact>
    <artifact classifier='osgi.bundle' id='org.eclipse.e4.ui.workbench3' version='0.12.0.v20130515-1857'>
      <properties size='1'>
        <property name='download.size' value='10248'/>
      </properties>
    </artifact>
    <artifact classifier='osgi.bundle' id='org.eclipse.emf.mwe2.language' version='2.5.1.v201402030750'>
      <properties size='1'>
        <property name='download.size' value='209018'/>
      </properties>
    </artifact>
    <artifact classifier='osgi.bundle' id='org.eclipse.xtend.typesystem.emf' version='1.4.0.v201306110406'>
      <properties size='1'>
        <property name='download.size' value='63459'/>
      </properties>
    </artifact>
    <artifact classifier='osgi.bundle' id='org.eclipse.jface.databinding' version='1.6.200.v20130515-1857'>
      <properties size='1'>
        <property name='download.size' value='278295'/>
      </properties>
    </artifact>
    <artifact classifier='osgi.bundle' id='org.eclipse.xtext.logging' version='1.2.15.v201402240820'>
      <properties size='1'>
        <property name='download.size' value='10377'/>
      </properties>
    </artifact>
    <artifact classifier='osgi.bundle' id='org.eclipse.osgi.services' version='3.3.100.v20130513-1956'>
      <properties size='1'>
        <property name='download.size' value='82934'/>
      </properties>
    </artifact>
    <artifact classifier='osgi.bundle' id='org.eclipse.emf.common.ui' version='2.8.0.v20140203-1126'>
      <properties size='1'>
        <property name='download.size' value='155019'/>
      </properties>
    </artifact>
    <artifact classifier='osgi.bundle' id='org.eclipse.dstore.core' version='3.3.201.201309112143'>
      <properties size='1'>
        <property name='download.size' value='378864'/>
      </properties>
    </artifact>
    <artifact classifier='osgi.bundle' id='org.eclipse.dstore.extra' version='2.1.400.201211090626'>
      <properties size='1'>
        <property name='download.size' value='24674'/>
      </properties>
    </artifact>
    <artifact classifier='osgi.bundle' id='org.eclipse.equinox.simpleconfigurator.manipulator' version='2.0.0.v20130327-2119'>
      <properties size='1'>
        <property name='download.size' value='25285'/>
      </properties>
    </artifact>
    <artifact classifier='osgi.bundle' id='org.eclipse.e4.core.di' version='1.3.0.v20130514-1256'>
      <properties size='1'>
        <property name='download.size' value='52219'/>
      </properties>
    </artifact>
  </artifacts>
</repository>
